{"cameraMode":{"drawMode":0,"name":"Shaded","section":"Shading Mode"},"sceneLighting":true,"audioPlay":false,"sceneViewState":{"showFog":false,"showMaterialUpdate":false,"showSkybox":false,"showFlares":false,"showImageEffects":false,"showParticleSystems":false},"in2DMode":false,"pivot":{"x":43.25727462768555,"y":-8.036327362060547,"z":49.61455535888672},"rotation":{"x":-0.07580720633268357,"y":0.9214152097702026,"z":-0.30422109365463259,"w":-0.2295946180820465},"size":37.181732177734378,"orthographic":false}