{"cameraMode":{"drawMode":0,"name":"Shaded","section":"Shading Mode"},"sceneLighting":true,"audioPlay":false,"sceneViewState":{"showFog":true,"showMaterialUpdate":false,"showSkybox":true,"showFlares":true,"showImageEffects":true,"showParticleSystems":true},"in2DMode":false,"pivot":{"x":-2.783228874206543,"y":0.9252834320068359,"z":2.7796878814697267},"rotation":{"x":-0.09739568084478378,"y":0.8590017557144165,"z":-0.1779857575893402,"w":-0.47005483508110049},"size":10.0,"orthographic":false}