{"cameraMode":{"drawMode":0,"name":"Shaded","section":"Shading Mode"},"sceneLighting":true,"audioPlay":false,"sceneViewState":{"showFog":false,"showMaterialUpdate":false,"showSkybox":false,"showFlares":false,"showImageEffects":false,"showParticleSystems":false},"in2DMode":false,"pivot":{"x":0.3866891860961914,"y":2.7637174129486086,"z":0.09571066498756409},"rotation":{"x":0.024758879095315934,"y":0.6619130373001099,"z":-0.02180616743862629,"w":0.7490273714065552},"size":1.8073949813842774,"orthographic":false}