{"cameraMode":{"drawMode":0,"name":"Shaded","section":"Shading Mode"},"sceneLighting":false,"audioPlay":false,"sceneViewState":{"showFog":false,"showMaterialUpdate":false,"showSkybox":false,"showFlares":false,"showImageEffects":false,"showParticleSystems":false},"in2DMode":false,"pivot":{"x":15.039999961853028,"y":0.3500000238418579,"z":31.510000228881837},"rotation":{"x":0.51698899269104,"y":-0.0061233798041939739,"z":0.0037747810129076244,"w":0.856031060218811},"size":0.9093261957168579,"orthographic":false}