{"cameraMode":{"drawMode":0,"name":"Shaded","section":"Shading Mode"},"sceneLighting":false,"audioPlay":false,"sceneViewState":{"showFog":true,"showMaterialUpdate":false,"showSkybox":false,"showFlares":true,"showImageEffects":true,"showParticleSystems":true},"in2DMode":false,"pivot":{"x":14.010000228881836,"y":1.0227851867675782,"z":-2.474994659423828},"rotation":{"x":0.47821104526519778,"y":0.08232095837593079,"z":-0.04489686340093613,"w":0.873266339302063},"size":1.642945647239685,"orthographic":false}