{"cameraMode":{"drawMode":0,"name":"Shaded","section":"Shading Mode"},"sceneLighting":false,"audioPlay":false,"sceneViewState":{"showFog":false,"showMaterialUpdate":false,"showSkybox":false,"showFlares":false,"showImageEffects":false,"showParticleSystems":false},"in2DMode":false,"pivot":{"x":8.069999694824219,"y":0.6700000166893005,"z":29.139999389648439},"rotation":{"x":-0.3533138632774353,"y":-0.4437780976295471,"z":0.19582220911979676,"w":-0.7999891638755798},"size":0.5134450197219849,"orthographic":false}