{"cameraMode":{"drawMode":0,"name":"Shaded","section":"Shading Mode"},"sceneLighting":false,"audioPlay":false,"sceneViewState":{"showFog":false,"showMaterialUpdate":false,"showSkybox":false,"showFlares":false,"showImageEffects":false,"showParticleSystems":false},"in2DMode":false,"pivot":{"x":-3.8199996948242189,"y":0.6899999976158142,"z":3.640000820159912},"rotation":{"x":0.4751772880554199,"y":-0.04613969102501869,"z":0.025002289563417436,"w":0.8783512711524963},"size":0.5134451985359192,"orthographic":false}