{"cameraMode":{"drawMode":0,"name":"Shaded","section":"Shading Mode"},"sceneLighting":true,"audioPlay":false,"sceneViewState":{"showFog":true,"showMaterialUpdate":false,"showSkybox":true,"showFlares":true,"showImageEffects":true,"showParticleSystems":true},"in2DMode":false,"pivot":{"x":15.150293350219727,"y":-0.8868007659912109,"z":29.78476333618164},"rotation":{"x":-0.4858641028404236,"y":-0.07481162995100022,"z":0.04181760177016258,"w":-0.8698328733444214},"size":7.107460021972656,"orthographic":false}