{"cameraMode":{"drawMode":0,"name":"Shaded","section":"Shading Mode"},"sceneLighting":true,"audioPlay":false,"sceneViewState":{"showFog":true,"showMaterialUpdate":false,"showSkybox":true,"showFlares":true,"showImageEffects":true,"showParticleSystems":true},"in2DMode":false,"pivot":{"x":21.1437931060791,"y":-2.3737571239471437,"z":27.303258895874025},"rotation":{"x":-0.6143458485603333,"y":0.1769394427537918,"z":-0.14390826225280763,"w":-0.7553573846817017},"size":5.301396369934082,"orthographic":false}