{"cameraMode":{"drawMode":0,"name":"Shaded","section":"Shading Mode"},"sceneLighting":false,"audioPlay":false,"sceneViewState":{"showFog":false,"showMaterialUpdate":false,"showSkybox":false,"showFlares":false,"showImageEffects":false,"showParticleSystems":false},"in2DMode":false,"pivot":{"x":13.814720153808594,"y":1.0227851867675782,"z":-2.474994659423828},"rotation":{"x":0.5862316489219666,"y":2.982652702598898e-8,"z":-5.511013156933586e-8,"w":0.8101451396942139},"size":1.642945647239685,"orthographic":false}