{"cameraMode":{"drawMode":0,"name":"Shaded","section":"Shading Mode"},"sceneLighting":false,"audioPlay":false,"sceneViewState":{"showFog":false,"showMaterialUpdate":false,"showSkybox":false,"showFlares":false,"showImageEffects":false,"showParticleSystems":false},"in2DMode":false,"pivot":{"x":14.079999923706055,"y":38.70000076293945,"z":30.440000534057618},"rotation":{"x":0.3224521279335022,"y":0.07514678686857224,"z":-0.025689048692584039,"w":0.9432493448257446},"size":7.061652183532715,"orthographic":false}