{"cameraMode":{"drawMode":0,"name":"Shaded","section":"Shading Mode"},"sceneLighting":false,"audioPlay":false,"sceneViewState":{"showFog":true,"showMaterialUpdate":false,"showSkybox":false,"showFlares":true,"showImageEffects":true,"showParticleSystems":true},"in2DMode":false,"pivot":{"x":-3.8199996948242189,"y":0.6899999976158142,"z":3.640000820159912},"rotation":{"x":-0.4265870153903961,"y":0.0657043606042862,"z":-0.0307100061327219,"w":-0.9016320705413818},"size":0.5134451985359192,"orthographic":false}