{"cameraMode":{"drawMode":0,"name":"Shaded","section":"Shading Mode"},"sceneLighting":true,"audioPlay":false,"sceneViewState":{"showFog":true,"showMaterialUpdate":false,"showSkybox":true,"showFlares":true,"showImageEffects":true,"showParticleSystems":true},"in2DMode":false,"pivot":{"x":18.371315002441408,"y":-36.255226135253909,"z":9.743221282958985},"rotation":{"x":-0.03932105004787445,"y":0.8524808883666992,"z":-0.5172803401947022,"w":-0.06482313573360443},"size":24.036163330078126,"orthographic":false}